<?xml version="1.0" encoding="US-ASCII"?>


<!--
	Bayesian network in XMLBIF v0.3 (BayesNet Interchange Format)
	Produced by JavaBayes (http://www.cs.cmu.edu/~javabayes/
	Output created Mon May 09 15:32:42 BRT 2005
-->



<!-- DTD for the XMLBIF 0.3 format -->
<!DOCTYPE BIF [
	<!ELEMENT BIF ( NETWORK )*>
	      <!ATTLIST BIF VERSION CDATA #REQUIRED>
	<!ELEMENT NETWORK ( NAME, ( PROPERTY | VARIABLE | DEFINITION )* )>
	<!ELEMENT NAME (#PCDATA)>
	<!ELEMENT VARIABLE ( NAME, ( OUTCOME |  PROPERTY )* ) >
	      <!ATTLIST VARIABLE TYPE (nature|decision|utility) "nature">
	<!ELEMENT OUTCOME (#PCDATA)>
	<!ELEMENT DEFINITION ( FOR | GIVEN | TABLE | PROPERTY )* >
	<!ELEMENT FOR (#PCDATA)>
	<!ELEMENT GIVEN (#PCDATA)>
	<!ELEMENT TABLE (#PCDATA)>
	<!ELEMENT PROPERTY (#PCDATA)>
]>


<BIF VERSION="0.3">
<NETWORK>
<NAME>InternalNetwork</NAME>

<!-- Variables -->
<VARIABLE TYPE="nature">
	<NAME>node0</NAME>
	<OUTCOME>state0</OUTCOME>
	<OUTCOME>state1</OUTCOME>
	<OUTCOME>state2</OUTCOME>
	<OUTCOME>state3</OUTCOME>
	<OUTCOME>state4</OUTCOME>
	<OUTCOME>state5</OUTCOME>
	<OUTCOME>state6</OUTCOME>
	<PROPERTY>position = (76, 87)</PROPERTY>
</VARIABLE>

<VARIABLE TYPE="nature">
	<NAME>node1</NAME>
	<OUTCOME>state0</OUTCOME>
	<OUTCOME>state1</OUTCOME>
	<PROPERTY>position = (230, 82)</PROPERTY>
</VARIABLE>

<VARIABLE TYPE="nature">
	<NAME>node2</NAME>
	<OUTCOME>state0</OUTCOME>
	<OUTCOME>state1</OUTCOME>
	<OUTCOME>state2</OUTCOME>
	<OUTCOME>state3</OUTCOME>
	<PROPERTY>position = (162, 245)</PROPERTY>
</VARIABLE>


<!-- Probability distributions -->
<DEFINITION>
	<FOR>node0</FOR>
	<TABLE>0.14285714285714285 0.14285714285714285 0.14285714285714285 0.14285714285714285 0.14285714285714285 0.14285714285714285 0.14285714285714285 </TABLE>
</DEFINITION>

<DEFINITION>
	<FOR>node1</FOR>
	<TABLE>0.5 0.5 </TABLE>
</DEFINITION>

<DEFINITION>
	<FOR>node2</FOR>
	<GIVEN>node0</GIVEN>
	<GIVEN>node1</GIVEN>
	<TABLE>0.25 0.25 0.25 0.25 0.25 0.25 0.25 0.25 0.25 0.25 0.25 0.25 0.25 0.25 0.25 0.25 0.25 0.25 0.25 0.25 0.25 0.25 0.25 0.25 0.25 0.25 0.25 0.25 0.25 0.25 0.25 0.25 0.25 0.25 0.25 0.25 0.25 0.25 0.25 0.25 0.25 0.25 0.25 0.25 0.25 0.25 0.25 0.25 0.25 0.25 0.25 0.25 0.25 0.25 0.25 0.25 </TABLE>
</DEFINITION>


</NETWORK>
</BIF>
