<?xml version="1.0" encoding="US-ASCII"?>


<!--
	Bayesian network in XMLBIF v0.3 (BayesNet Interchange Format)
	Produced by JavaBayes (http://www.cs.cmu.edu/~javabayes/
	Number of nodes:5
	Output created Tue May 20 12:58:39 GMT-05:00 2008
-->



<BIF VERSION="0.3">
<NETWORK>
<NAME>InternalNetwork</NAME>
<!-- Variables -->
<VARIABLE TYPE="nature">
    <NAME>node0</NAME>
    <OUTCOME>state0</OUTCOME>
    <OUTCOME>state1</OUTCOME>
    <OUTCOME>state2</OUTCOME>
    <OUTCOME>state3</OUTCOME>
    <PROPERTY>position = (44, 270)</PROPERTY>
</VARIABLE>
<!-- Variables -->
<VARIABLE TYPE="nature">
    <NAME>node1</NAME>
    <OUTCOME>state0</OUTCOME>
    <OUTCOME>state1</OUTCOME>
    <PROPERTY>position = (15, 150)</PROPERTY>
</VARIABLE>
<!-- Variables -->
<VARIABLE TYPE="nature">
    <NAME>node2</NAME>
    <OUTCOME>state0</OUTCOME>
    <OUTCOME>state1</OUTCOME>
    <PROPERTY>position = (164, 284)</PROPERTY>
</VARIABLE>
<!-- Variables -->
<VARIABLE TYPE="nature">
    <NAME>node3</NAME>
    <OUTCOME>state0</OUTCOME>
    <OUTCOME>state1</OUTCOME>
    <OUTCOME>state2</OUTCOME>
    <PROPERTY>position = (284, 270)</PROPERTY>
</VARIABLE>
<!-- Variables -->
<VARIABLE TYPE="nature">
    <NAME>node4</NAME>
    <OUTCOME>state0</OUTCOME>
    <OUTCOME>state1</OUTCOME>
    <PROPERTY>position = (45, 30)</PROPERTY>
</VARIABLE>
<!-- Probability Distributions -->
 <DEFINITION>
      <FOR>node0</FOR>
      <GIVEN>node4</GIVEN>
      <GIVEN>node2</GIVEN>
     <TABLE>0.1512 0.8488 0.2825 0.7175 0.3311 0.6689 0.649 0.351 </TABLE>
 </DEFINITION>
<!-- Probability Distributions -->
 <DEFINITION>
      <FOR>node1</FOR>
      <GIVEN>node4</GIVEN>
     <TABLE>0.1903 0.8097 0.0042 0.9958 </TABLE>
 </DEFINITION>
<!-- Probability Distributions -->
 <DEFINITION>
      <FOR>node2</FOR>
      <GIVEN>node4</GIVEN>
      <GIVEN>node1</GIVEN>
     <TABLE>0.9437 0.0563 0.2125 0.7875 0.7798 0.2202 0.4874 0.5126 </TABLE>
 </DEFINITION>
<!-- Probability Distributions -->
 <DEFINITION>
      <FOR>node3</FOR>
      <GIVEN>node2</GIVEN>
      <GIVEN>node4</GIVEN>
     <TABLE>0.0127 0.9873 0.5852 0.4148 0.0908 0.9092 0.0308 0.9692 </TABLE>
 </DEFINITION>
<!-- Probability Distributions -->
 <DEFINITION>
      <FOR>node4</FOR>
     <TABLE>0.295 0.705 </TABLE>
 </DEFINITION>
</NETWORK>
</BIF>
